{
    "total_num": 30,
    "pass@1": 0.26666666666666666,
    "avg_token_length-all": 15535.266666666666,
    "avg_token_length-correct": 6254.25,
    "time_taken/h": 0.9942663717932171,
    "all_idx": {
        "0": 0.0,
        "1": 0.0,
        "2": 0.0,
        "3": 1.0,
        "4": 0.0,
        "5": 1.0,
        "6": 0.0,
        "7": 0.0,
        "8": 0.0,
        "9": 0.0,
        "10": 0.0,
        "11": 0.0,
        "12": 1.0,
        "13": 0.0,
        "14": 0.0,
        "15": 1.0,
        "16": 1.0,
        "17": 0.0,
        "18": 0.0,
        "19": 0.0,
        "20": 0.0,
        "21": 1.0,
        "22": 0.0,
        "23": 1.0,
        "24": 0.0,
        "25": 0.0,
        "26": 0.0,
        "27": 0.0,
        "28": 0.0,
        "29": 1.0
    }
}