{
    "total_num": 30,
    "pass@1": 0.4666666666666667,
    "avg_token_length-all": 11630.166666666666,
    "avg_token_length-correct": 7327.571428571428,
    "time_taken/h": 0.1796743830707338,
    "all_idx": {
        "0": 0.0,
        "1": 1.0,
        "2": 0.0,
        "3": 1.0,
        "4": 0.0,
        "5": 1.0,
        "6": 0.0,
        "7": 0.0,
        "8": 0.0,
        "9": 1.0,
        "10": 0.0,
        "11": 1.0,
        "12": 1.0,
        "13": 0.0,
        "14": 0.0,
        "15": 1.0,
        "16": 1.0,
        "17": 1.0,
        "18": 1.0,
        "19": 0.0,
        "20": 1.0,
        "21": 1.0,
        "22": 0.0,
        "23": 1.0,
        "24": 0.0,
        "25": 0.0,
        "26": 0.0,
        "27": 1.0,
        "28": 0.0,
        "29": 0.0
    }
}