{
    "total_num": 30,
    "pass@1": 0.3333333333333333,
    "avg_token_length-all": 17138.4,
    "avg_token_length-correct": 7597.2,
    "time_taken/h": 0.765975672337744,
    "all_idx": {
        "0": 1.0,
        "1": 0.0,
        "2": 0.0,
        "3": 1.0,
        "4": 0.0,
        "5": 1.0,
        "6": 0.0,
        "7": 0.0,
        "8": 0.0,
        "9": 0.0,
        "10": 0.0,
        "11": 0.0,
        "12": 1.0,
        "13": 0.0,
        "14": 0.0,
        "15": 1.0,
        "16": 1.0,
        "17": 1.0,
        "18": 1.0,
        "19": 0.0,
        "20": 0.0,
        "21": 1.0,
        "22": 0.0,
        "23": 0.0,
        "24": 0.0,
        "25": 0.0,
        "26": 0.0,
        "27": 0.0,
        "28": 0.0,
        "29": 1.0
    }
}