{
  "1": 1.0,
  "2": 1.0,
  "3": 0.9933333333333333,
  "4": 0.9075,
  "5": 0.766,
  "6": 0.6316666666666667,
  "7": 0.4842857142857143,
  "8": 0.3575,
  "9": 0.25555555555555554,
  "10": 0.184,
  "15": 0.021333333333333333,
  "20": 0.008
}