{
  "1": 1.0,
  "2": 1.0,
  "3": 1.0,
  "4": 1.0,
  "5": 0.9960000000000001,
  "6": 0.9816666666666666,
  "7": 0.9628571428571429,
  "8": 0.95375,
  "9": 0.9377777777777777,
  "10": 0.925,
  "15": 0.8546666666666667,
  "20": 0.7825
}